Qty,Source,Identifier,Title,"Source URL","Product Image",Price,"Discounts and Taxes","Prep And Ship","Adjusted Price","In Stock","Amazon Title","Amazon URL","K URL","Camel Camel Camel URL","Amazon Seller Central URL","Amazon Image","Match Quality","Amazon Category",Brand,Variations,ASIN,"Parent ASIN","Amazon UPC/EAN","UPC / EAN","Buy Box","Amazon Sells and In Stock","Amazon Buy Box Price","Average Price (30 days)","Average Price (90 days)","Amazon Return After Fees","GST/VAT to Remit","Gross Profit","Gross ROI","New Sellers","Competitive FBA Sellers","Potential Monthly Profit","Weight (lbs)","Product Size","Sales Rank","Average Rank (30 Days)","Average Rank (90 Days)","Estimated Monthly Sales",Reviews,Rating,"Last Update",Note,"Amazon In Stock (30 days)","Amazon In Stock (90 Days)",Length,Width,Height,WeightUnits,SizeUnits
1,homedepot.com,,"NINJA Express Chop Elite",https://www.homedepot.com/p/NINJA-Express-Chop-Elite-NJ110GR/206161885,https://images.thdstatic.com/productImages/0c2e29e0-46d8-4a04-8e9f-b6c2338b0ea0/svn/ninja-food-choppers-nj110gr-64_600.jpg,$19.95,-1.98,$0.00,$17.94,No,"Ninja Food Chopper Express Chop with 200-Watt, 16-Ounce Bowl for Mincing, Chopping, Grinding, Blending and Meal Prep (NJ110GR)",https://amazon.com/dp/B00HL3TBDQ/,,,,https://m.media-amazon.com/images/I/413qSxpH8LL.jpg,100,"Kitchen & Dining",Ninja,1,B00HL3TBDQ,B0847HZ6FK,622356535588,622356535588,MF,"out of stock",$37.13,$44.18,$45.02,$25.61,0,$7.67,"43 %",46,0,,2.34,"Large Standard-Size",4938,5718,9026,37,13264,4.7,2022-03-25T13:14:13.000000Z,,0,0,1071,587,579,hundredths-pounds,hundredths-inches
1,kohls.com,,"Ninja Express Chop",https://www.kohls.com/product/prd-4638782/ninja-express-chop.jsp,https://media.kohlsimg.com/is/image/kohls/4638782,$15.99,-2.13,$0.00,$13.80,No,"Ninja Food Chopper Express Chop with 200-Watt, 16-Ounce Bowl for Mincing, Chopping, Grinding, Blending and Meal Prep (NJ110GR)",https://amazon.com/dp/B00HL3TBDQ/,,,,https://m.media-amazon.com/images/I/413qSxpH8LL.jpg,52,"Kitchen & Dining",Ninja,1,B00HL3TBDQ,B0847HZ6FK,622356535588,622356535588,MF,"out of stock",$37.13,$44.18,$45.02,$25.61,0,$11.81,"86 %",46,0,,2.34,"Large Standard-Size",4938,5718,9026,37,13264,4.7,2022-03-25T13:14:20.000000Z,,0,0,1071,587,579,hundredths-pounds,hundredths-inches
1,buydig.com,,"Ninja Express Chop - NJ110GR",https://www.buydig.com/shop/product/EUPNJ110GR/Ninja-Express-Chop-NJ110GR,https://static.buydig.com/Assets/Product/imagesnw400/3C04C0ECD923421DB93AA526CC3BEB3A.jpg,$13.00,-0.26,$0.00,$12.74,No,"Ninja Food Chopper Express Chop with 200-Watt, 16-Ounce Bowl for Mincing, Chopping, Grinding, Blending and Meal Prep (NJ110GR)",https://amazon.com/dp/B00HL3TBDQ/,,,,https://m.media-amazon.com/images/I/413qSxpH8LL.jpg,52,"Kitchen & Dining",Ninja,1,B00HL3TBDQ,B0847HZ6FK,622356535588,622356535588,FBA,"out of stock",$38.26,$44.18,$45.02,$26.57,0,$13.83,"109 %",46,1,,2.34,"Large Standard-Size",4938,5718,9026,37,13264,4.7,2022-03-25T13:43:53.000000Z,,0,0,1071,587,579,hundredths-pounds,hundredths-inches
1,homedepot.com,,"NINJA Express Chop Elite",https://www.homedepot.com/p/NINJA-Express-Chop-Elite-NJ110GR/206161885,https://images.thdstatic.com/productImages/0c2e29e0-46d8-4a04-8e9f-b6c2338b0ea0/svn/ninja-food-choppers-nj110gr-64_600.jpg,$19.95,-1.98,$0.00,$17.94,No,"Ninja Food Chopper Express Chop with 200-Watt, 16-Ounce Bowl for Mincing, Chopping, Grinding, Blending and Meal Prep (NJ110GR)",https://amazon.com/dp/B00HL3TBDQ/,,,,https://m.media-amazon.com/images/I/413qSxpH8LL.jpg,100,"Kitchen & Dining",Ninja,1,B00HL3TBDQ,B0847HZ6FK,622356535588,622356535588,MF,"out of stock",$37.13,$44.18,$45.02,$25.61,0,$7.67,"43 %",46,0,,2.34,"Large Standard-Size",4938,5718,9026,36,13264,4.7,2022-03-25T13:14:13.000000Z,,0,0,1071,587,579,hundredths-pounds,hundredths-inches
1,kohls.com,,"Ninja Express Chop",https://www.kohls.com/product/prd-4638782/ninja-express-chop.jsp,https://media.kohlsimg.com/is/image/kohls/4638782,$15.99,-2.13,$0.00,$13.80,No,"Ninja Food Chopper Express Chop with 200-Watt, 16-Ounce Bowl for Mincing, Chopping, Grinding, Blending and Meal Prep (NJ110GR)",https://amazon.com/dp/B00HL3TBDQ/,,,,https://m.media-amazon.com/images/I/413qSxpH8LL.jpg,52,"Kitchen & Dining",Ninja,1,B00HL3TBDQ,B0847HZ6FK,622356535588,622356535588,MF,"out of stock",$37.13,$44.18,$45.02,$25.61,0,$11.81,"86 %",46,0,,2.34,"Large Standard-Size",4938,5718,9026,36,13264,4.7,2022-03-25T13:14:20.000000Z,,0,0,1071,587,579,hundredths-pounds,hundredths-inches
1,buydig.com,,"Ninja Express Chop - NJ110GR",https://www.buydig.com/shop/product/EUPNJ110GR/Ninja-Express-Chop-NJ110GR,https://static.buydig.com/Assets/Product/imagesnw400/3C04C0ECD923421DB93AA526CC3BEB3A.jpg,$13.00,-0.26,$0.00,$12.74,No,"Ninja Food Chopper Express Chop with 200-Watt, 16-Ounce Bowl for Mincing, Chopping, Grinding, Blending and Meal Prep (NJ110GR)",https://amazon.com/dp/B00HL3TBDQ/,,,,https://m.media-amazon.com/images/I/413qSxpH8LL.jpg,52,"Kitchen & Dining",Ninja,1,B00HL3TBDQ,B0847HZ6FK,622356535588,622356535588,FBA,"out of stock",$38.26,$44.18,$45.02,$26.57,0,$13.83,"109 %",46,1,,2.34,"Large Standard-Size",4938,5718,9026,36,13264,4.7,2022-03-25T13:43:53.000000Z,,0,0,1071,587,579,hundredths-pounds,hundredths-inches
1,vitacost.com,,"Metamucil Original Smooth Sugar Free Unflavored -- 23.3 Package",https://www.vitacost.com/metamucil-original-smooth-sugar-free,https://www.vitacost.com/Images/Products/500/Metamucil/Metamucil-Original-Smooth-Sugar-Free-Unflavored-037000741176.jpg,$21.99,-2.20,$0.00,$19.79,Yes,"Metamucil Smooth Texture Sugar-Free Unflavored 114 Each",https://amazon.com/dp/B001H9X8IY/,,,,https://m.media-amazon.com/images/I/51bMpQCL26L.jpg,100,"Health & Household",Metamucil,1,B001H9X8IY,,037000741176,037000741176,FBA,"out of stock",$34.43,$38.06,$40.69,$24.08,0,$4.29,"22 %",53,3,,1.76,"Large Standard-Size",30083,19816,19922,33,562,4.4,2022-03-25T18:54:32.000000Z,,0,0,815,433,358,hundredths-pounds,hundredths-inches
1,walgreens.com,,"Metamucil Multi-Health Psyllium Fiber Supplement Sugar-Free Powder Original Smooth",https://www.walgreens.com/store/c/metamucil-multi-health-psyllium-fiber-supplement-sugar-free-powder-original-smooth/ID=prod2474076-product,http://pics.drugstore.com/prodimg/15219/155.jpg,$21.99,-3.39,$0.00,$18.47,No,"Metamucil Smooth Texture Sugar-Free Unflavored 114 Each",https://amazon.com/dp/B001H9X8IY/,,,,https://m.media-amazon.com/images/I/51bMpQCL26L.jpg,100,"Health & Household",Metamucil,1,B001H9X8IY,,037000741176,037000741176,FBA,"out of stock",$34.43,$38.06,$40.69,$24.08,0,$5.61,"30 %",53,3,,1.76,"Large Standard-Size",30083,19816,19922,33,562,4.4,2022-03-25T18:55:29.000000Z,,0,0,815,433,358,hundredths-pounds,hundredths-inches
1,target.com,,"CeraVe Foaming Face Wash, Facial Cleanser for Normal to Oily Skin with Essential Ceramides",https://www.target.com/p/cerave-foaming-face-wash-facial-cleanser-for-normal-to-oily-skin-with-essential-ceramides/-/A-81616315?preselect=51148110#lnk=sametab,https://target.scene7.com/is/image/Target/GUEST_c137f481-d1e8-4c25-bf8c-ff48760630be,$4.99,-0.57,$0.00,$4.42,Yes,"CeraVe Foaming Facial Cleanser, Makeup Remover and Daily Face Wash for Oily Skin, Paraben & Fragrance Free, 16 Fl Oz",https://amazon.com/dp/B01N1LL62W/,,,,https://m.media-amazon.com/images/I/31j+VyDf+zL.jpg,100,"Beauty & Personal Care",Cerave,2,B01N1LL62W,B07VPFCKCB,3606000537705,3606000537705,AMZ,yes,$15.99,$14.27,$14.65,$8.43,0,$4.01,"91 %",20,1,,1.21,"Large Standard-Size",50,47,59,35,41596,4.7,2022-03-25T17:29:39.000000Z,,100,100,736,346,181,hundredths-pounds,hundredths-inches
1,meijer.com,,"Dr Teal's Sleep Spray With Melatonin, 6 oz",https://www.meijer.com/shopping/product/dr-teals-sleep-spray-with-melatonin-6-oz/81106801992.html,https://www.meijer.com/content/dam/meijer/product/0081/10/6801/99/0081106801992_0_A1C1_0200.png,$4.79,-0.07,$0.00,$4.72,Yes,"Dr Teal's Sleep Spray by Dr Teal's Sleep Spray with Melatonin & Essenstial Oils to promote a better night sleep 6 oz for Gifting",https://amazon.com/dp/B087BJQCTB/,,,,https://m.media-amazon.com/images/I/31uMECf1vtL.jpg,100,"Health & Household","Dr Teal's",1,B087BJQCTB,,811068019923,811068019923,FBA,"out of stock",$15.49,$14.68,$16.51,$9.39,0,$4.67,"99 %",246,14,,0.47,"Large Standard-Size",3139,2797,2763,48,679,4.4,2022-03-25T19:11:00.000000Z,,0,0,630,213,197,hundredths-pounds,hundredths-inches
1,target.com,,"Thermos Spider-Man 12oz FUNtainer Water Bottle with Bail Handle - Red",https://www.target.com/p/thermos-spider-man-12oz-funtainer-water-bottle-with-bail-handle-red/-/A-78783941,https://target.scene7.com/is/image/Target/GUEST_4b7dd874-0af8-4f48-a5cf-fb145cd651fe,$7.49,-0.85,$0.00,$6.63,Yes,"THERMOS FUNTAINER 12 Ounce Stainless Steel Vacuum Insulated Kids Straw Bottle, Spider-Man",https://amazon.com/dp/B08Z7BBJTT/,,,,https://m.media-amazon.com/images/I/41HnPgspjaL.jpg,100,"Kitchen & Dining",Thermos,44,B08Z7BBJTT,B096GBNHT2,041205750536,041205750536,,,$16.99,,,$10.60,0,$3.97,"60 %",16,1,,0.51,"Large Standard-Size",7,0,0,3193,33255,4.8,2022-03-25T19:14:27.000000Z,,0,0,941,437,382,hundredths-pounds,hundredths-inches
1,dollargeneral.com,,"Rexall Composure Bladder Control Pads, Moderate Absorbency, Long, 16 ct",https://www.dollargeneral.com/products/product-page.rexall-composure-bladder-control-pads-moderate-absorbency-long-16-ct.html,https://www.dollargeneral.com/commerce/media/catalog/product/cache/0231fa359cffc72ddbbccc4eb84f7cfe/2/7/27524302_01.jpg,$3.75,-0.26,$0.00,$3.48,No,"Depend FIT-FLEX Incontinence Underwear for Men, Maximum Absorbency, Disposable, Large, Grey, 17 Count",https://amazon.com/dp/B0792HGQLX/,,,,https://m.media-amazon.com/images/I/5104OZdvhbL.jpg,100,"Amazon Launchpad",Depend,1,B0792HGQLX,,036000479263,036000479263,AMZ,yes,$13.72,$17.44,$15.87,$5.03,0,$1.55,"45 %",22,1,,1.55,"Large Standard-Size",11683,23808,22202,0,1348,4.6,2022-03-25T18:12:49.000000Z,,62,57,1000,870,540,hundredths-pounds,hundredths-inches
1,homedepot.com,,"NINJA Express Chop Elite",https://www.homedepot.com/p/NINJA-Express-Chop-Elite-NJ110GR/206161885,https://images.thdstatic.com/productImages/0c2e29e0-46d8-4a04-8e9f-b6c2338b0ea0/svn/ninja-food-choppers-nj110gr-64_600.jpg,$19.95,-1.98,$0.00,$17.94,No,"Ninja Food Chopper Express Chop with 200-Watt, 16-Ounce Bowl for Mincing, Chopping, Grinding, Blending and Meal Prep (NJ110GR)",https://amazon.com/dp/B00HL3TBDQ/,,,,https://m.media-amazon.com/images/I/413qSxpH8LL.jpg,100,"Kitchen & Dining",Ninja,1,B00HL3TBDQ,B0847HZ6FK,622356535588,622356535588,FBA,"out of stock",$42.99,$44.18,$45.02,$30.59,0,$12.65,"71 %",46,16,,2.34,"Large Standard-Size",4610,5718,9026,36,13264,4.7,2022-03-25T19:11:18.000000Z,,0,0,1071,587,579,hundredths-pounds,hundredths-inches
1,kohls.com,,"Ninja Express Chop",https://www.kohls.com/product/prd-4638782/ninja-express-chop.jsp,https://media.kohlsimg.com/is/image/kohls/4638782,$15.99,-2.13,$0.00,$13.80,No,"Ninja Food Chopper Express Chop with 200-Watt, 16-Ounce Bowl for Mincing, Chopping, Grinding, Blending and Meal Prep (NJ110GR)",https://amazon.com/dp/B00HL3TBDQ/,,,,https://m.media-amazon.com/images/I/413qSxpH8LL.jpg,52,"Kitchen & Dining",Ninja,1,B00HL3TBDQ,B0847HZ6FK,622356535588,622356535588,FBA,"out of stock",$42.99,$44.18,$45.02,$30.59,0,$16.79,"122 %",46,16,,2.34,"Large Standard-Size",4610,5718,9026,36,13264,4.7,2022-03-25T19:11:31.000000Z,,0,0,1071,587,579,hundredths-pounds,hundredths-inches
1,buydig.com,,"Ninja Express Chop - NJ110GR",https://www.buydig.com/shop/product/EUPNJ110GR/Ninja-Express-Chop-NJ110GR,https://static.buydig.com/Assets/Product/imagesnw400/3C04C0ECD923421DB93AA526CC3BEB3A.jpg,$13.00,-0.26,$0.00,$12.74,No,"Ninja Food Chopper Express Chop with 200-Watt, 16-Ounce Bowl for Mincing, Chopping, Grinding, Blending and Meal Prep (NJ110GR)",https://amazon.com/dp/B00HL3TBDQ/,,,,https://m.media-amazon.com/images/I/413qSxpH8LL.jpg,52,"Kitchen & Dining",Ninja,1,B00HL3TBDQ,B0847HZ6FK,622356535588,622356535588,FBA,"out of stock",$38.26,$44.18,$45.02,$26.57,0,$13.83,"109 %",46,1,,2.34,"Large Standard-Size",4938,5718,9026,36,13264,4.7,2022-03-25T13:43:53.000000Z,,0,0,1071,587,579,hundredths-pounds,hundredths-inches
1,target.com,,"Madden NFL 22 - PlayStation 4",https://www.target.com/p/madden-nfl-22-playstation-4/-/A-83744901,https://target.scene7.com/is/image/Target/GUEST_3b4dbdae-4902-4725-acea-3a037f871d0a,$19.99,-2.28,$0.00,$17.69,Yes,"Madden NFL 22 - PlayStation 4",https://amazon.com/dp/B096NB1JS9/,,,,https://m.media-amazon.com/images/I/51pbZ+OFuCS.jpg,100,"Video Games","Electronic Arts",15,B096NB1JS9,B097FTX2VB,014633741926,014633741926,MF,"out of stock",$34.48,,,$24.59,0,$6.90,"39 %",109,8,,0.18,"Small Standard-Size",842,0,0,43,668,4.8,2022-03-25T14:05:27.000000Z,,18,31,665,535,32,hundredths-pounds,hundredths-inches
1,kohls.com,,"CultureTags Card Game by Culture Brands",https://www.kohls.com/product/prd-4841423/culture-tags-card-game.jsp,https://media.kohlsimg.com/is/image/kohls/4841423,$11.25,-1.50,$0.00,$9.71,No,"CultureTags - A Game for People Who Love Hashtags + The Culture | Party Game Set for Family Fun or Virtual Play | Age 13 Years and Up",https://amazon.com/dp/B08B8VZZRG/,,,,https://m.media-amazon.com/images/I/41Zct9EGI0S.jpg,100,"Toys & Games",#culturetags,2,B08B8VZZRG,,860003429006,860003429006,FBA,"out of stock",$24.97,$24.08,$24.52,$15.38,0,$5.67,"58 %",26,2,,2.6,"Large Standard-Size",7878,7215,4405,42,2600,4.8,2022-03-25T19:01:55.000000Z,,0,0,622,606,323,hundredths-pounds,hundredths-inches
1,target.com,,"DYMO LetraTag 100H Handheld Label Maker",https://www.target.com/p/dymo-letratag-100h-handheld-label-maker/-/A-14430295,https://target.scene7.com/is/image/Target/GUEST_85c1f3b4-ad6a-4613-b436-ed7a5c7164bc,$17.89,-2.04,$0.00,$15.83,Yes,"DYMO Label Maker with 3 Bonus Labeling Tapes, LetraTag 100H Handheld Label Maker & LT Label Tapes, Easy-to-Use, Great for Home & Office Organization",https://amazon.com/dp/B002Q9MCG8/,,,,https://m.media-amazon.com/images/I/41ZQZ6ghbmS.jpg,92,"Office Products",Dymo,3,B002Q9MCG8,B09MM4QV17,071701056054,071701056054,MF,"out of stock",$29.68,$25.18,$26.68,$20.03,0,$4.20,"27 %",22,0,,1.01,"Large Standard-Size",495,1668,665,41,45294,4.7,2022-03-25T18:55:23.000000Z,,41,23,1024,453,303,hundredths-pounds,hundredths-inches
1,walmart.com,,"LEGO Speed Champions 1974 Porsche 911 Turbo 3.0 75895",http://www.walmart.com/ip/LEGO-Speed-Champions-1974-Porsche-911-Turbo-3-0-75895/955513992,https://i5.walmartimages.com/asr/23b991d1-6a8e-4d25-9cd9-a67558990144_3.82cd7f129dfac97e47c8379bc3a37dd2.jpeg?odnHeight=612&odnWidth=612&odnBg=ffffff,$11.99,-1.19,$0.00,$10.77,Yes,"LEGO Speed Champions 1974 Porsche 911 Turbo 3.0 75895 Building Kit (180 Pieces)",https://amazon.com/dp/B07PX3WGP1/,,,,https://m.media-amazon.com/images/I/51FnadTjzQL.jpg,100,"Toys & Games",Lego,1,B07PX3WGP1,,0673419315371,0673419315371,MF,"out of stock",$29.95,$23.14,$23.92,$21.65,0,$10.88,"101 %",57,0,,0,,12045,12867,11606,950,10833,4.8,2022-03-25T13:26:16.000000Z,,0,0,0,0,0,hundredths-pounds,hundredths-inches
1,kohls.com,,"LEGO Speed Champions 1974 Porsche 911 Turbo 3.0",https://www.kohls.com/product/prd-3712484/lego-speed-champions-1974-porsche-911-turbo-30.jsp,https://media.kohlsimg.com/is/image/kohls/3712484?,$9.74,-1.30,$0.00,$8.41,No,"LEGO Speed Champions 1974 Porsche 911 Turbo 3.0 75895 Building Kit (179 Pieces)",https://amazon.com/dp/B07PX3WGP1/,,,,https://m.media-amazon.com/images/I/51FnadTjzQL.jpg,100,"Toys & Games",Lego,1,B07PX3WGP1,,0673419315371,673419315371,MF,"out of stock",$29.95,$34.39,$32.72,$21.65,0,$13.24,"157 %",58,0,,0.44,"Large Standard-Size",12045,6470,4412,950,11852,4.8,2022-03-25T14:26:08.000000Z,,1,3,756,547,244,hundredths-pounds,hundredths-inches
1,bestbuy.com,,"LEGO - Speed Champions 1974 Porsche 911 Turbo 3.0 75895",https://www.bestbuy.com/site/lego-speed-champions-1974-porsche-911-turbo-3-0-75895/6352650.p?skuId=6352650,https://pisces.bbystatic.com/image2/BestBuy_US/images/products/6352/6352650_sd.jpg,$14.99,-2.03,$0.00,$12.89,No,"LEGO Speed Champions 1974 Porsche 911 Turbo 3.0 75895 Building Kit (180 Pieces)",https://amazon.com/dp/B07PX3WGP1/,,,,https://m.media-amazon.com/images/I/51FnadTjzQL.jpg,100,"Toys & Games",Lego,1,B07PX3WGP1,,0673419315371,0673419315371,MF,"out of stock",$29.95,$34.47,$32.91,$21.65,0,$8.76,"68 %",58,0,,0.44,"Large Standard-Size",14064,6855,4689,950,11852,4.8,2022-03-25T19:06:28.000000Z,,1,3,756,547,244,hundredths-pounds,hundredths-inches
1,target.com,,"Tree Hut Island Bliss Shea Sugar Body Scrub - 18oz",https://www.target.com/p/tree-hut-island-bliss-shea-sugar-body-scrub-18oz/-/A-81640043,https://target.scene7.com/is/image/Target/GUEST_b6f1ce11-b927-4cad-9203-8023e851bde9,$8.99,-1.02,$0.00,$7.96,No,"Tree Hut Island Bliss Shea Sugar Scrub, 18 oz, Ultra Hydrating and Exfoliating Scrub for Nourishing Essential Body Care",https://amazon.com/dp/B07PHQ9KS2/,,,,https://m.media-amazon.com/images/I/51+fznYCfjL.jpg,92,"Beauty & Personal Care","Tree Hut",1,B07PHQ9KS2,,075371003394,075371003394,FBA,"out of stock",$23.99,$23.18,$24.27,$15.23,0,$7.27,"91 %",12,1,,1.3,"Large Standard-Size",27568,28759,25330,39,2780,4.7,2022-03-25T09:26:41.000000Z,,0,0,421,370,295,hundredths-pounds,hundredths-inches
1,toywiz.com,,"Bakugan, Dragonoid Infinity Transforming Figure with Exclusive Fused Bakugan Ultra and 10 Baku-Gear Accessories",https://toywiz.com/roblox-endermoor-skeleton-action-figure/,https://cdn11.bigcommerce.com/s-0kvv9/images/stencil/550x550/products/309145/441085/apiygbzt1__85264.1579541893.jpg?c=2,$16.99,,$0.00,,Yes,"Bakugan, Dragonoid Infinity Transforming Figure with Exclusive Fused Ultra and 10 Baku-Gear Accessories",https://amazon.com/dp/B081VWBBBR/,,,,,100,"Toys & Games",Bakugan,2,B081VWBBBR,B09QMNNKRL,778988309865,778988309865,AMZ,yes,$39.99,$39.99,$39.94,$26.63,0,$9.64,"57 %",25,2,,1.9,"Large Standard-Size",5691,3790,3670,41,4110,4.7,2022-03-25T19:19:24.000000Z,,100,100,1200,1200,525,hundredths-pounds,hundredths-inches
1,walmart.com,,"LEGO Speed Champions 1985 Audi Sport quattro S1 76897 Toy Car Building Kit (250 Pieces)",https://www.walmart.com/ip/LEGO-Speed-Champions-1985-Audi-Sport-quattro-S1-76897-Toy-Car-Building-Kit-250-Pieces/632124755,https://i5.walmartimages.com/asr/6c1175c9-1909-49c5-b3b4-6d8010a531af.465bc342082ade5deddc8f7cbec1a6a3.jpeg?odnHeight=360&odnWidth=360&odnBg=ffffff,$16.00,-1.59,$0.00,$14.37,Yes,"LEGO Speed Champions 1985 Audi Sport Quattro S1 76897 Toy Cars for Kids Building Kit Featuring Driver Minifigure (250 Pieces)",https://amazon.com/dp/B07WMJL9W5/,,,,https://m.media-amazon.com/images/I/51KCE8cQNFL.jpg,75,"Toys & Games",Lego,1,B07WMJL9W5,,0673419319102,0673419319102,FBA,"out of stock",$27.99,$28.69,$26.75,$17.92,0,$3.55,"25 %",84,9,,0.84,"Large Standard-Size",15753,13664,11011,44,2982,4.8,2022-03-25T18:42:14.000000Z,,1,8,1398,756,358,hundredths-pounds,hundredths-inches
1,kohls.com,,"LEGO Friends Panda Jungle Tree House 41422 Building Kit (265 Pieces)",http://www.kohls.com/product/prd-4401260/lego-friends-panda-jungle-tree-house-41422-building-kit-265-pieces.jsp,https://media.kohlsimg.com/is/image/kohls/4401260,$29.99,-4.00,$0.00,$25.88,No,"LEGO Friends Panda Jungle Tree House 41422 Building Toy; Includes 3 Panda Minifigures for KidsWho Love Wildlife Animals Friends Mia and Olivia (265 Pieces)",https://amazon.com/dp/B08588JFZ8/,,,,https://m.media-amazon.com/images/I/51qpBquZIoL.jpg,100,"Toys & Games",Lego,1,B08588JFZ8,,673419320054,673419320054,FBA,"out of stock",$49.99,$44.12,$36.81,$37.24,0,$11.36,"44 %",28,3,,1.1,"Large Standard-Size",17215,14204,6636,38,3048,4.9,2022-03-25T01:31:42.000000Z,,22,62,1087,1020,228,hundredths-pounds,hundredths-inches
1,shopdisney.com,,"LEGO National Geographic Panda Jungle Tree House 41422",https://www.shopdisney.com/lego-national-geographic-panda-jungle-tree-house-41422-673419320054.html,https://cdn-ssl.s7.disneystore.com/is/image/DisneyShopping/6005047091622,$17.98,-1.80,$0.00,$16.18,No,"LEGO Friends Panda Jungle Tree House 41422 Building Toy; Includes 3 Panda Minifigures for KidsWho Love Wildlife Animals Friends Mia and Olivia, New 2020 (265 Pieces)",https://amazon.com/dp/B08588JFZ8/,,,,https://m.media-amazon.com/images/I/51qpBquZIoL.jpg,100,"Toys & Games",Lego,1,B08588JFZ8,,673419320054,673419320054,FBA,"out of stock",$49.99,$44.30,$36.84,$37.24,0,$21.06,"130 %",28,3,,1.1,"Large Standard-Size",16935,14414,6727,38,3048,4.9,2022-03-25T19:21:08.000000Z,,21,61,1087,1020,228,hundredths-pounds,hundredths-inches
1,ulta.com,,"Tree Hut Papaya Paradise Shea Sugar Scrub",https://www.ulta.com/p/papaya-paradise-shea-sugar-scrub-pimprod2023512,https://images.ulta.com/is/image/Ulta/2577305,$10.49,-1.77,$0.00,$8.65,Yes,"T H Papaya Paradise Shea Sugar Scrub Made With Shea Butter, Papaya Extract and Pineapple Enzymes For A Natural Glow, 18 oz.",https://amazon.com/dp/B091DFDDBC/,,,,https://m.media-amazon.com/images/I/41lwtsT4zAL.jpg,100,"Beauty & Personal Care","T H",5,B091DFDDBC,B099WWVL9R,075371002816,075371002816,FBA,"out of stock",$18.56,$15.88,$16.91,$10.61,0,$1.96,"23 %",34,8,,1.41,"Large Standard-Size",28521,41621,37845,42,242,4.7,2022-03-25T18:03:53.000000Z,,0,0,449,421,413,hundredths-pounds,hundredths-inches
2,luckyvitamin.com,,"The Honey Pot Company Herbal-Infused Menstrual Pads with Wings Super - 16 Pad(s)",https://www.luckyvitamin.com/p-2840602-the-honey-pot-company-herbal-infused-menstrual-pads-with-wings-super-16-pad-s,https://www.luckyvitamin.com/images/product/icon/181134.jpg,$12.58,-0.94,$0.00,$11.64,Yes,"Honey Pot Super with Wings Herbal-infused, 16 Pads (Pack of 2)",https://amazon.com/dp/B07RBYY3SL/,,,,,100,"Grocery & Gourmet Food","Honey Pot",4,B07RBYY3SL,B099QL7JRY,0851669008094,0851669008094,FBA,"out of stock",$26.67,$25.36,$25.98,$17.45,0,$5.81,"50 %",17,5,,0.65,"Large Standard-Size",28297,21658,23737,44,635,4.8,2022-03-25T19:23:27.000000Z,,0,0,878,626,354,hundredths-pounds,hundredths-inches
2,vitacost.com,,"The Honey Pot Super Herbal Pads with Wings -- 16 Pads",https://www.vitacost.com/the-honey-pot-super-herbal-pads-with-wings,https://www.vitacost.com/Images/Products/500/The-Honey-Pot/The-Honey-Pot-Super-Herbal-Pads-with-Wings-851669008094.jpg,$15.98,-1.60,$0.00,$14.38,Yes,"Honey Pot Super with Wings Herbal-infused, 16 Pads (Pack of 2)",https://amazon.com/dp/B07RBYY3SL/,,,,,93,"Grocery & Gourmet Food","Honey Pot",4,B07RBYY3SL,B099QL7JRY,851669008094,851669008094,FBA,"out of stock",$26.67,$25.36,$25.98,$17.45,0,$3.07,"21 %",17,5,,0.65,"Large Standard-Size",28297,21658,23737,44,635,4.8,2022-03-25T19:24:01.000000Z,,0,0,878,626,354,hundredths-pounds,hundredths-inches
1,target.com,,"Pampers Swaddlers Diapers Jumbo Pack - Size Preemie - 27ct",https://www.target.com/p/pampers-swaddlers-diapers-jumbo-pack-size-preemie-27ct/-/A-14727083,https://target.scene7.com/is/image/Target/GUEST_74494b68-7c5a-495c-b3d9-300c30455c46,$9.59,-1.09,$0.00,$8.49,Yes,"Pampers Swaddlers, Diapers, Preemie, 27 ct",https://amazon.com/dp/B00NUGEJ8A/,,,,https://m.media-amazon.com/images/I/51NHuMoXbtL.jpg,13,"Baby Products",Pampers,1,B00NUGEJ8A,,37000863403,037000863403,MF,yes,$18.99,$19.59,$18.58,$10.93,0,$2.44,"29 %",10,0,,0.7,"Large Standard-Size",9921,10991,10404,35,297,4.7,2022-03-25T13:58:10.000000Z,,1,1,920,570,320,hundredths-pounds,hundredths-inches
1,kohls.com,,"Nerf Fortnite SP-L Elite Dart Blaster",https://www.kohls.com/product/prd-3608553/nerf-fortnite-sp-l-elite-dart-blaster.jsp,https://media.kohlsimg.com/is/image/kohls/3608553,$6.99,-0.93,$0.00,$6.03,No,"NERF Fortnite Sp-L Elite Dart Blaster",https://amazon.com/dp/B07M6TG3KK/,,,,https://m.media-amazon.com/images/I/3163BfSkprL.jpg,100,"Toys & Games",Nerf,1,B07M6TG3KK,B07R6JSKL4,630509840083,630509840083,FBA,yes,$33.00,$29.43,$29.76,$22.13,0,$16.10,"267 %",13,7,,1.52,"Large Standard-Size",25434,25879,22297,42,9284,4.7,2022-03-25T19:14:11.000000Z,,65,25,1378,1004,295,hundredths-pounds,hundredths-inches
1,target.com,,"Dreambone Chicken Twist Sticks Dog Treats - 100ct",http://www.target.com/p/dreambone-chicken-twist-sticks-dog-treats-100ct/-/A-77550167,https://target.scene7.com/is/image/Target/GUEST_cc03411d-4276-4b96-90d9-5558809ced31,$10.99,-1.25,$0.00,$9.73,Yes,"DreamBone Twist Sticks Rawhide Free Dog Chews, Made with Real Chicken, 100 Pack",https://amazon.com/dp/B071496ZYQ/,,,,https://m.media-amazon.com/images/I/518RDqUdpwS.jpg,100,"Pet Supplies",Dreambone,2,B071496ZYQ,B094PBZMXV,810833028450,810833028450,MF,"out of stock",$29.50,$32.58,$30.50,$19.86,0,$10.13,"104 %",15,0,,1.27,"Large Standard-Size",16912,26610,20916,41,515,4.7,2022-03-25T16:43:58.000000Z,,0,0,980,791,201,hundredths-pounds,hundredths-inches
1,target.com,,"Always Ultra Thin Extra Heavy Overnight Pads - Size 5 - 46ct",http://www.target.com/p/always-ultra-thin-extra-heavy-overnight-pads-size-5-46ct/-/A-53053136,https://target.scene7.com/is/image/Target/GUEST_58b3fe6c-e963-4138-b3e0-ce8b02b49322,$7.39,-0.84,$0.00,$6.54,Yes,"ALWAYS Ultra Thin Size 5 Extra Heavy Overnight Pads With Wings Unscented, 46 Count",https://amazon.com/dp/B07148TC86/,,,,https://m.media-amazon.com/images/I/51Y7PhFEQhL.jpg,100,"Health & Household",Always,1,B07148TC86,,037000979494,037000979494,MF,"out of stock",$18.99,$18.04,$17.47,$10.23,0,$3.69,"56 %",6,0,,0.86,"Large Standard-Size",79156,71963,86038,40,518,4.7,2022-03-25T07:16:52.000000Z,,9,7,937,654,461,hundredths-pounds,hundredths-inches
1,walmart.com,,"Dove Men+Care Elements Body and Face Bar Charcoal + Clay, 4 Oz., 4 Bar",https://www.walmart.com/ip/Dove-Men-Care-Elements-Body-and-Face-Bar-Charcoal-Clay-4-Oz-4-Bar/311413385,https://i5.walmartimages.com/asr/d81d1765-c206-4815-a831-fbc803ad68c8.82ddf191a1ca359f80f4c860abf2a4bd.jpeg?odnHeight=360&odnWidth=360&odnBg=FFFFFF,$4.97,-0.49,$0.00,$4.46,Yes,"Dove Men+Care Elements Body and Face Bar Charcoal + Clay 4 oz, 4 Bar",https://amazon.com/dp/B07CKKDBZJ/,,,,https://m.media-amazon.com/images/I/415k6xOtmVL.jpg,83,"Beauty & Personal Care","Dove Men + Care",1,B07CKKDBZJ,,0011111005938,0011111005938,FBA,"out of stock",$12.59,$11.99,$13.21,$5.54,0,$1.08,"24 %",21,4,,1.1,"Large Standard-Size",56418,65255,57150,38,741,4.7,2022-03-25T14:06:09.000000Z,,0,0,555,370,252,hundredths-pounds,hundredths-inches
1,dollargeneral.com,,"DG Health Extra-Strength Pain Reliever Caplets, 100 Ct",https://www.dollargeneral.com/products/product-page.dg-health-extra-strength-pain-reliever-caplets-100-ct.html,https://www.dollargeneral.com/commerce/media/catalog/product/cache/0231fa359cffc72ddbbccc4eb84f7cfe/d/g/dghl_es_pain_relief_acetaminophen_100ct.jpg,$2.50,-0.17,$0.00,$2.32,Yes,"Diapers Newborn/Size 1 (8-14 lb), 32 Count - Pampers Swaddlers Disposable Baby Diapers, Jumbo Pack (Packaging May Vary)",https://amazon.com/dp/B08V6RB6VJ/,,,,https://m.media-amazon.com/images/I/51CrpYeqWVL.jpg,100,"Baby Products",Pampers,5,B08V6RB6VJ,B0939TS9D5,037000828365,037000828365,FBA,"out of stock",$17.97,$18.27,$17.13,$9.31,0,$6.99,"301 %",10,1,,1.48,"Large Standard-Size",7562,10632,9019,30,165,4.7,2022-03-25T09:42:20.000000Z,,0,0,1012,839,453,hundredths-pounds,hundredths-inches
1,bedbathandbeyond.com,,"LEGO Friends Baby Elephant Jungle Rescue 41421 LEGO Set (203 Pieces)",https://www.bedbathandbeyond.com/product/prd-4401273/lego-friends-baby-elephant-jungle-rescue-41421-building-kit-203-pieces.jsp,https://media.kohlsimg.com/is/image/kohls/4401273,$19.99,-4.30,$0.00,$15.43,Yes,"LEGO Friends Baby Elephant Jungle Rescue 41421 Adventure Building Kit; Animal Rescue Playset That Comes with a Toy Truck and Trailer, Plus Friends Emma and Stephanie (203 Pieces)",https://amazon.com/dp/B08586NBGB/,,,,https://m.media-amazon.com/images/I/51Yt4f4b73L.jpg,100,"Toys & Games",Lego,1,B08586NBGB,,673419320047,673419320047,FBA,yes,$28.49,$27.46,$27.28,$19.00,0,$3.57,"23 %",63,8,,0.71,"Large Standard-Size",76450,55950,35840,32,1974,4.8,2022-03-25T04:21:52.000000Z,,28,37,1008,744,244,hundredths-pounds,hundredths-inches
1,jcpenney.com,,"Lego Friends Baby Elephant Jungle Rescue",https://www.jcpenney.com/p/lego-friends-baby-elephant-jungle-rescue/ppr5007993218,"https://s7d4.scene7.com/is/image/JCPenney/DP1008202017031016M.tif?wid=350&hei=350&op_usm=.4,.8,0,0&resmode=sharp2",$19.99,-4.55,$0.00,$15.17,No,"LEGO Friends Baby Elephant Jungle Rescue 41421 Adventure Building Kit; Animal Rescue Playset That Comes with a Toy Truck and Trailer, Plus Friends Emma and Stephanie (203 Pieces)",https://amazon.com/dp/B08586NBGB/,,,,https://m.media-amazon.com/images/I/51Yt4f4b73L.jpg,84,"Toys & Games",Lego,1,B08586NBGB,,673419320047,673419320047,FBA,yes,$28.49,$27.46,$27.28,$19.00,0,$3.83,"25 %",63,8,,0.71,"Large Standard-Size",76450,55950,35840,32,1974,4.8,2022-03-25T04:22:28.000000Z,,28,37,1008,744,244,hundredths-pounds,hundredths-inches
1,shopdisney.com,,"LEGO National Geographic Baby Elephant Jungle Rescue 41421",https://www.shopdisney.com/lego-national-geographic-baby-elephant-jungle-rescue-41421-673419320047.html,https://cdn-ssl.s7.disneystore.com/is/image/DisneyShopping/6005047091621,$11.98,-1.20,$0.00,$10.78,No,"LEGO Friends Baby Elephant Jungle Rescue 41421 Adventure Building Kit; Animal Rescue Playset That Comes with a Toy Truck and Trailer, Plus Friends Emma and Stephanie, New 2020 (203 Pieces)",https://amazon.com/dp/B08586NBGB/,,,,https://m.media-amazon.com/images/I/51Yt4f4b73L.jpg,100,"Toys & Games",Lego,1,B08586NBGB,,673419320047,673419320047,FBA,yes,$28.49,$27.46,$27.28,$19.00,0,$8.22,"76 %",63,8,,0.71,"Large Standard-Size",76450,55950,35840,32,1974,4.8,2022-03-25T04:22:32.000000Z,,28,37,1008,744,244,hundredths-pounds,hundredths-inches
1,target.com,,"Transformers Generations War for Cybertron: Kingdom Leader WFC-K28 Galvatron",http://www.target.com/p/transformers-generations-war-for-cybertron-kingdom-leader-wfc-k28-galvatron/-/A-80171201,https://target.scene7.com/is/image/Target/GUEST_0c33c1f9-65b4-4583-81c9-6cf65e14268b,$49.99,-5.70,$0.00,$44.24,No,"Transformers Toys Generations War for Cybertron: Kingdom Leader WFC-K28 Galvatron Action Figure - Kids Ages 8 and Up, 7.5-inch",https://amazon.com/dp/B08P3TVZKR/,,,,https://m.media-amazon.com/images/I/41xzRoZKtaL.jpg,100,"Toys & Games",Transformers,1,B08P3TVZKR,,5010993782208,5010993782208,FBA,"out of stock",$72.98,$71.41,$62.94,$56.06,0,$11.82,"27 %",27,1,,1.06,"Large Standard-Size",59750,56509,34163,34,565,4.8,2022-03-25T18:46:25.000000Z,,4,22,1102,917,402,hundredths-pounds,hundredths-inches
1,walmart.com,,"Gatorade Recover Peanut Butter Chocolate Whey Protein Bars, 20g Protein, 6 Pack",https://www.walmart.com/ip/Gatorade-Recover-Peanut-Butter-Chocolate-Whey-Protein-Bars-20g-Protein-6-Pack/558471204,https://i5.walmartimages.com/asr/b891413d-bc0a-4b53-9ab6-a8ab4e206563_1.2be4cddf521dc17819a56cdff86b7adc.jpeg?odnHeight=360&odnWidth=360&odnBg=ffffff,$7.98,-0.79,$0.00,$7.17,Yes,"Gatorade Whey Protein Recover Bars, Peanut Butter Chocolate, 2.8 ounce bars, 6 Count",https://amazon.com/dp/B07D9WGN6M/,,,,https://m.media-amazon.com/images/I/51VPkK8sP+L.jpg,100,"Health & Household",Gatorade,1,B07D9WGN6M,,0052000041132,0052000041132,MF,"out of stock",$18.95,$19.00,$18.89,$10.93,0,$3.76,"52 %",13,0,,1.17,"Large Standard-Size",86563,92607,116411,44,477,4.6,2022-03-25T19:01:42.000000Z,,0,0,710,645,225,hundredths-pounds,hundredths-inches
1,kohls.com,,"L. Ultra Thin Super Pads - 42 Count",https://www.kohls.com/product/prd-4563509/l-ultra-thin-super-pads-42-count.jsp,https://media.kohlsimg.com/is/image/kohls/4563509,$2.79,-0.37,$0.00,$2.41,No,"L. Chlorine Free Ultra Thin Super Absorbency Pads with Wings, 42 Count, (P2000)",https://amazon.com/dp/B081HPN15W/,,,,https://m.media-amazon.com/images/I/51NPQQ6LLgL.jpg,100,"Health & Household",L.,1,B081HPN15W,,852717003313,852717003313,FBA,"out of stock",$10.95,$10.75,$10.79,$4.11,0,$1.70,"71 %",15,4,,0.73,"Large Standard-Size",95205,97249,94268,39,310,4.7,2022-03-25T07:14:21.000000Z,,1,1,1165,732,453,hundredths-pounds,hundredths-inches
1,walmart.com,,"Turbie Twist The Original Microfiber Super-Absorbent Hair Towel",https://www.walmart.com/ip/Turbie-Twist-The-Original-Microfiber-Super-Absorbent-Hair-Towel/43340806,https://i5.walmartimages.com/asr/be6a29a9-8406-4a1c-8460-8c87e9f4fdc3_1.281a9981eb90cf1bea9fedc793d0bd23.jpeg?odnHeight=360&odnWidth=360&odnBg=ffffff,$4.98,-0.50,$0.00,$4.47,Yes,"Turbie Twist Super-Absorbent Hair Towel Microfiber Twist & Loop (Colors May Vary)",https://amazon.com/dp/B00TUPFFTM/,,,,https://m.media-amazon.com/images/I/41CIpgHQhIL.jpg,86,"Beauty & Personal Care","Turbie Twist",1,B00TUPFFTM,,0858816002226,0858816002226,FBA,"out of stock",$11.52,$11.88,$11.97,$6.23,0,$1.76,"39 %",34,3,,0.25,"Large Standard-Size",70082,99044,84576,37,405,4.6,2022-03-25T06:54:27.000000Z,,0,0,790,510,120,hundredths-pounds,hundredths-inches
1,miniaturemarket.com,,"T.I.M.E. Stories: The Marcy Case Expansion",https://www.miniaturemarket.com/asmscts02us.html,https://media.miniaturemarket.com/media/catalog/product/a/s/asmscts02us.jpg,$23.99,,$0.00,,Yes,"TIME Stories",https://amazon.com/dp/B013TRQLJO/,,,,https://m.media-amazon.com/images/I/319Uc0S1WqL.jpg,100,"Toys & Games","Space Cowboys",1,B013TRQLJO,,3558380031031,3558380031031,AMZ,yes,$41.89,$41.89,$41.89,$28.71,0,$4.72,"20 %",10,1,,4.03,"Large Standard-Size",71843,107324,81115,31,326,4.5,2022-03-25T19:31:01.000000Z,,100,100,1173,1142,299,hundredths-pounds,hundredths-inches
1,gamenerdz.com,,"Asmodee T.I.M.E. Stories: The Marcy Case Expansion",https://www.gamenerdz.com/t-i-m-e-stories-the-marcy-case-expansion,https://cdn11.bigcommerce.com/s-ua4dd/images/stencil/480x420/products/25773/51285/asmscts02us__67547.1506362093.jpg?c=2,$23.99,,$0.00,,No,"TIME Stories",https://amazon.com/dp/B013TRQLJO/,,,,,100,"Toys & Games","Space Cowboys",1,B013TRQLJO,,3558380031031,3558380031031,AMZ,yes,$41.89,$41.89,$41.89,$28.71,0,$4.72,"20 %",10,1,,4.03,"Large Standard-Size",71843,107324,81115,31,326,4.5,2022-03-25T19:31:11.000000Z,,100,100,1173,1142,299,hundredths-pounds,hundredths-inches
1,ulta.com,,"Earth Therapeutics Body Sponge",https://www.ulta.com/p/body-sponge-prod5504479,https://images.ulta.com/is/image/Ulta/5504479,$6.00,-1.01,$0.00,$4.95,No,"Earth Therapeutics Exfoliating Body Sponge",https://amazon.com/dp/B071JC2CGM/,,,,https://m.media-amazon.com/images/I/41Hm+r0nmIL.jpg,100,"Beauty & Personal Care","Earth Therapeutics",1,B071JC2CGM,,073377071171,073377071171,FBA,"out of stock",$11.31,$10.81,$11.34,$6.06,0,$1.11,"22 %",19,6,,0.06,"Large Standard-Size",93652,82837,94477,43,0,0,2022-03-25T19:10:12.000000Z,,0,0,420,380,200,hundredths-pounds,hundredths-inches
1,vitacost.com,,"Earth Therapeutics Exfoliating Body Sponge -- 1 Sponge",https://www.vitacost.com/earth-therapeutics-exfoliating-body-sponge,https://www.vitacost.com/Images/Products/500/Earth-Therapeutics/Earth-Therapeutics-Exfoliating-Body-Sponge-073377071171.jpg,$4.99,-0.50,$0.00,$4.49,No,"Earth Therapeutics Exfoliating Body Sponge",https://amazon.com/dp/B071JC2CGM/,,,,https://m.media-amazon.com/images/I/21nC95C4ziL.jpg,100,"Beauty & Personal Care","Earth Therapeutics",1,B071JC2CGM,,073377071171,073377071171,FBA,"out of stock",$11.31,$10.80,$11.34,$6.06,0,$1.57,"35 %",19,6,,0.06,"Large Standard-Size",93652,82816,94477,43,169,4.6,2022-03-25T19:10:15.000000Z,,0,0,420,380,200,hundredths-pounds,hundredths-inches
1,meijer.com,,"Pond's Rejuveness Anti Aging Cream, 1.75 oz",https://www.meijer.com/shopping/product/ponds-rejuveness-anti-aging-cream-175-oz/1111100514.html,https://www.meijer.com/content/dam/meijer/product/0001/11/1100/51/0001111100514_2_A1C1_0200.png,$2.00,-0.03,$0.00,$1.97,Yes,"Pond's Anti-Wrinkle Cream Rejuveness 1.75 oz",https://amazon.com/dp/B00BC33RZY/,,,,https://m.media-amazon.com/images/I/412mm1xqVlL.jpg,100,"Beauty & Personal Care",Pond's,1,B00BC33RZY,,011111005143,011111005143,FBA,"out of stock",$8.00,$7.63,$5.60,$3.81,0,$1.84,"93 %",8,2,,0.15,"Large Standard-Size",82662,100065,74822,31,390,4,2022-03-25T18:26:41.000000Z,,3,1,340,300,150,hundredths-pounds,hundredths-inches
1,dollargeneral.com,,"Pampers Swaddlers Diapers Size 4 22 Count",https://www.dollargeneral.com/products/product-page.pampers-swaddlers-diapers-size-4-22-count.html,https://www.dollargeneral.com/commerce/media/catalog/product/cache/0231fa359cffc72ddbbccc4eb84f7cfe/2/2/22806101.jpg,$4.50,-0.31,$0.00,$4.18,No,"Pampers Swaddlers, Diapers Size 4, 22 Count",https://amazon.com/dp/B07FDKTS52/,,,,https://m.media-amazon.com/images/I/51IFCNsfNWL.jpg,100,"Baby Products",Pampers,1,B07FDKTS52,B09KM1SVLB,037000749585,037000749585,FBA,"out of stock",$19.80,$19.25,$17.32,$10.90,0,$6.72,"161 %",5,1,,1.46,"Large Standard-Size",20941,28326,26906,27,454,4.8,2022-03-25T08:37:05.000000Z,,4,3,929,823,425,hundredths-pounds,hundredths-inches
1,walgreens.com,,"Pampers Swaddlers Diapers Size 4",https://www.walgreens.com/store/c/pampers-swaddlers-diapers-size-4/ID=prod6385646-product,http://pics.drugstore.com/prodimg/607349/155.jpg,$10.00,-1.54,$0.00,$8.40,No,"Pampers Swaddlers, Diapers Size 4, 22 Count",https://amazon.com/dp/B07FDKTS52/,,,,https://m.media-amazon.com/images/I/51IFCNsfNWL.jpg,100,"Baby Products",Pampers,1,B07FDKTS52,,37000749585,037000749585,FBA,"out of stock",$19.80,$19.25,$17.32,$10.90,0,$2.50,"30 %",5,1,,1.46,"Large Standard-Size",23869,28326,26906,27,454,4.8,2022-03-25T13:56:12.000000Z,,4,3,929,823,425,hundredths-pounds,hundredths-inches
1,kohls.com,,"Conair Unbound Cordless Rechargeable Mini Flat Iron",http://www.kohls.com/product/prd-4459864/conair-unbound-cordless-rechargeable-mini-flat-iron.jsp,https://media.kohlsimg.com/is/image/kohls/4459864,$23.99,-3.20,$0.00,$20.70,Yes,"Conair Unbound Cordless 3/4-inch Mini Flat Iron ~ Rechargeable Flat Iron for Sleek and Straight Styles Anytime, Anywhere, Blue",https://amazon.com/dp/B08DRYDB1Q/,,,,https://m.media-amazon.com/images/I/31R+pvMjAfL.jpg,100,"Beauty & Personal Care",Conair,1,B08DRYDB1Q,B09F3Z4DK3,074108414632,074108414632,MF,"out of stock",$34.50,$33.72,$33.47,$25.39,0,$4.69,"23 %",11,0,,0.7,"Large Standard-Size",10907,10925,6658,31,5161,4,2022-03-25T15:50:08.000000Z,,0,1,950,390,230,hundredths-pounds,hundredths-inches
1,walgreens.com,,"AmLactin Moisturizing Body Lotion",http://www.walgreens.com/store/c/amlactin-moisturizing-body-lotion/ID=prod6281525-product,//pics.drugstore.com/prodimg/544280/155.jpg,$10.99,-1.69,$0.00,$9.23,No,"AmLactin Daily Moisturizing Body Lotion | Instantly Hydrates, Relieves Roughness | Powerful Alpha-Hydroxy Therapy Gently Exfoliates | Smooths Dry Skin | Twin Pack (2) 7.9 oz. Bottles",https://amazon.com/dp/B00T7260EC/,,,,https://m.media-amazon.com/images/I/411pDIAem4L.jpg,100,"Beauty & Personal Care",Amlactin,1,B00T7260EC,,302450023449,302450023449,MF,"out of stock",$29.00,$28.76,$27.97,$19.49,0,$10.26,"111 %",7,0,,1.23,"Large Standard-Size",127570,115159,78389,18,0,0,2022-03-25T10:13:58.000000Z,,0,0,685,594,98,hundredths-pounds,hundredths-inches
1,dollargeneral.com,,"Pampers Baby-Dry Diapers Size 5 24 Count",https://www.dollargeneral.com/products/product-page.dg-health-maximum-strength-laxative-tablets-24-ct.html,https://www.dollargeneral.com/commerce/media/catalog/product/cache/0231fa359cffc72ddbbccc4eb84f7cfe/d/g/dghealth_maxstrenght_laxative_24ct.jpg,$2.25,-0.16,$0.00,$2.09,Yes,"Pampers Cruisers Baby Dry Diapers, Size 5, 24 Count",https://amazon.com/dp/B00FJEEC4C/,,,,https://m.media-amazon.com/images/I/51o-nSKY-JL.jpg,100,"Baby Products",Pampers,14,B00FJEEC4C,B09KP7X7SN,037000862123,037000862123,FBA,"out of stock",$21.99,$22.21,$22.11,$12.75,0,$10.66,"510 %",5,1,,1.65,"Large Standard-Size",34370,25755,29112,30,281,4.8,2022-03-25T08:42:10.000000Z,,0,0,858,858,457,hundredths-pounds,hundredths-inches
1,walgreens.com,,"Pantene Pro-V Repair & Protect Miracle Repairing Shampoo",https://www.walgreens.com/store/c/pantene-pro-v-repair-%26-protect-miracle-repairing-shampoo/ID=prod6162890-product,http://pics.drugstore.com/prodimg/459680/155.jpg,$3.99,-0.61,$0.00,$3.35,No,"Pantene Pro-V Shampoo, Repair & Protect with Keratin, 12.6 Ounce",https://amazon.com/dp/B00AZIZSOU/,,,,https://m.media-amazon.com/images/I/31HBgqWYQsL.jpg,100,"Beauty & Personal Care",Pantene,2,B00AZIZSOU,B09ND2BMGZ,080878172054,080878172054,FBA,"out of stock",$10.00,$10.61,$8.45,$4.67,0,$1.32,"39 %",15,2,,1,"Large Standard-Size",119304,138498,166641,27,259,4.5,2022-03-25T10:19:14.000000Z,,0,0,840,190,120,hundredths-pounds,hundredths-inches
1,kohls.com,,"Nerf Mega Talon Blaster",https://www.kohls.com/product/prd-3979953/nerf-mega-talon-blaster.jsp,https://media.kohlsimg.com/is/image/kohls/3979953,$6.49,-0.87,$0.00,$5.60,No,"NERF Mega Talon Blaster -- Includes 3 Official Accustrike Mega Darts -- for Kids, Teens, Adults",https://amazon.com/dp/B07VTQSM8F/,,,,https://m.media-amazon.com/images/I/416iubTd3aL.jpg,100,"Toys & Games",Nerf,1,B07VTQSM8F,,630509864065,630509864065,FBA,"out of stock",$17.89,$17.05,$15.16,$9.97,0,$4.37,"78 %",15,2,,0.8,"Large Standard-Size",151751,143175,120079,20,947,4.7,2022-03-25T19:37:16.000000Z,,0,1,1260,875,210,hundredths-pounds,hundredths-inches
1,fye.com,,"POP! Funkoverse: DC 101 Strategy Game [Expandalone Set]",https://www.fye.com/pop%21-funkoverse--dc-101-strategy-game-expandalone-set-fye.000000889698426466.html,https://www.fye.com/dw/image/v2/BBNF_PRD/on/demandware.static/-/Sites-fye-master/default/dw72173417/fye/000/000000/fye.000000889698426466_0.jpg?sw=584,$0.01,-0.00,$0.00,,No,"Funko Verse Strategy Board Game: DC Theme Set, Expansion Pack 2 Players",https://amazon.com/dp/B07RMBB54R/,,,,https://m.media-amazon.com/images/I/51QNyaPUobL.jpg,87,"Toys & Games",Funko,1,B07RMBB54R,B082H3T7VK,889698426466,889698426466,AMZ,yes,$19.99,$20.28,$20.35,$11.78,0,$11.77,"117700 %",46,1,,1.57,"Large Standard-Size",174679,184256,167256,18,485,4.7,2022-03-25T02:46:55.000000Z,,100,80,1051,650,252,hundredths-pounds,hundredths-inches
1,dollargeneral.com,,"Clairol Nice 'n Easy Permanent Hair Color, 10 Extra Light Blonde, 1 Kit",https://www.dollargeneral.com/products/product-page.lice-shield-2-in-1-shampoo-conditoner.html,https://www.dollargeneral.com/commerce/media/catalog/product/cache/0231fa359cffc72ddbbccc4eb84f7cfe/1/8/18512701.jpg,$4.50,-0.31,$0.00,$4.18,Yes,"Clairol Nice 'N Easy Permanent Hair Color, 10 Extra Light Blonde (Packaging May Vary), Pack of 1",https://amazon.com/dp/B079QLTY28/,,,,,100,"Beauty & Personal Care",Clairol,9,B079QLTY28,B09MQJCYDL,070018117335,070018117335,MF,"out of stock",$10.80,$9.58,$10.09,$5.38,0,$1.20,"29 %",15,0,,0.55,"Large Standard-Size",8665,76039,110218,21,1494,4.6,2022-03-25T19:39:30.000000Z,,18,12,650,375,225,hundredths-pounds,hundredths-inches
1,meijer.com,,"Wet n Wild Silk Finish Lipstick Raging Red",https://www.meijer.com/shopping/product/wet-n-wild-silk-finish-lipstick-raging-red/7780236113.html,https://www.meijer.com/content/dam/meijer/product/0007/78/0236/11/0007780236113_0_A1C1_0200.png,$1.29,-0.02,$0.00,$1.27,Yes,"wet n wild Silk Finish Lipstick| Hydrating Lip Color| Rich Buildable Color| Raging Red",https://amazon.com/dp/B079KFP7NT/,,,,https://m.media-amazon.com/images/I/31PIk55OZ-L.jpg,30,"Beauty & Personal Care","Wet N Wild",23,B079KFP7NT,B09PS5GS8G,077802361134,077802361134,FBA,"out of stock",$5.75,$5.49,$5.53,$1.74,0,$0.47,"37 %",9,1,,0.02,"Large Standard-Size",1294,4071,100190,25,0,0,2022-03-25T06:43:04.000000Z,,0,5,469,280,91,hundredths-pounds,hundredths-inches
1,walgreens.com,,"Wet n Wild Silk Finish Lip Color Raging Red",https://www.walgreens.com/store/c/wet-n-wild-silk-finish-lip-color/ID=prod6375157-product?skuId=sku6314111,http://pics.drugstore.com/prodimg/605767/155.jpg,$1.29,-0.20,$0.00,$1.08,No,"wet n wild Silk Finish Lipstick| Hydrating Lip Color| Rich Buildable Color| Raging Red",https://amazon.com/dp/B079KFP7NT/,,,,https://m.media-amazon.com/images/I/31PIk55OZ-L.jpg,100,"Beauty & Personal Care","Wet N Wild",23,B079KFP7NT,B09PS5GS8G,077802361134,077802361134,FBA,"out of stock",$5.75,$5.49,$5.53,$1.74,0,$0.66,"61 %",10,1,,0.02,"Large Standard-Size",1405,4054,99991,25,18990,4.3,2022-03-25T19:44:08.000000Z,,0,5,469,280,91,hundredths-pounds,hundredths-inches
